País,Autoridad,Web,Contacto
Afghanistan,N/A,N/A,N/A
Albania,Komisioneri për të Drejtën e Informimit dhe Mbrojtjen e të Dhënave Personale është institucion i pavarur i administratës publike.,https://www.idp.al/?lang=en,https://www.idp.al/na-kontaktoni/?lang=en
Algeria,N/A,N/A,N/A
Andorra,Agència Andorrana de Protecció de Dades,https://www.apda.ad/,https://www.apda.ad/#contact
Angola,Agência de Proteção de Dados ,https://www.apd.ao/ao/,https://www.apd.ao/ao/contactos/
Antigua and Barbuda,Information Commissioner,N/A,N/A
Argentina,Dirección Nacional de Protección de Datos Personales,https://www.argentina.gob.ar/aaip,info@aaip.gob.ar
Armenia, Agency for Protection of Personal Data,https://www.moj.am/en/structures/view/structure/32,hayrapetyan.gevorg@moj.am armenianpdpa@gmail.com
Australia,,,
Austria,,,
Azerbaijan,,,
Bahamas,,,
Bahrain,,,
Bangladesh,,,
Barbados,,,
Belarus,,,
Belgium,Autorité de protection des données (Gegevensbeschermingsautoriteit),https://www.dataprotectionauthority.be/citizen,contact@apd-gba.be
Belize,,,
Benin,,,
Bhutan,,,
Bosnia and Herzegovina,,,
Botswana,,,
Brazil,,,
Bulgaria,,,
Burkina Faso,,,
Burundi,,,
Cambodia,,,
Cameroon,,,
Canada,,,
Central African Republic,,,
Chad,,,
Chile,,,
China,,,
Colombia,,,
Comoros,,,
Costa Rica,,,
Croatia,,,
Cuba,,,
Cyprus,,,
Denmark,,,
Djibouti,,,
Dominica,,,
Dominican Republic,,,
Ecuador,,,
Egypt,,,
El Salvador,,,
Equatorial Guinea,,,
Eritrea,,,
Estonia,,,
Ethiopia,,,
Fiji,,,
Finland,,,
France,,,
Gabon,,,
Georgia,,,
Germany,,,
Ghana,,,
Greece,,,
Grenada,,,
Guatemala,,,
Guinea,,,
Guinea-Bissau,,,
Guyana,,,
Haiti,,,
Honduras,,,
Hungary,,,
Iceland,,,
India,,,
Indonesia,,,
Iraq,,,
Ireland,,,
Israel,,,
Italy,,,
Jamaica,,,
Japan,,,
Jordan,,,
Kazakhstan,,,
Kenya,,,
Kiribati,,,
Kuwait,,,
Kyrgyzstan,,,
Latvia,,,
Lebanon,,,
Lesotho,,,
Liberia,,,
Libya,,,
Liechtenstein,,,
Lithuania,,,
Luxembourg,,,
Madagascar,,,
Malawi,,,
Malaysia,,,
Maldives,,,
Mali,,,
Malta,,,
Marshall Islands,,,
Mauritania,,,
Mauritius,,,
Mexico,,,
Micronesia (Federated States of),,,
Monaco,,,
Mongolia,,,
Montenegro,,,
Morocco,,,
Mozambique,,,
Myanmar,,,
Namibia,,,
Nauru,,,
Nepal,,,
Netherlands,,,
New Zealand,,,
Nicaragua,,,
Niger,,,
Nigeria,,,
Norway,,,
Oman,,,
Pakistan,,,
Palau,,,
Panama,,,
Papua New Guinea,,,
Paraguay,,,
Peru,,,
Philippines,,,
Poland,,,
Portugal,,,
Qatar,,,
Romania,,,
Rwanda,,,
Saint Kitts and Nevis,,,
Saint Lucia,,,
Samoa,,,
San Marino,,,
Sao Tome and Principe,,,
Saudi Arabia,,,
Senegal,,,
Serbia,,,
Seychelles,,,
Sierra Leone,,,
Singapore,,,
Slovakia,,,
Slovenia,,,
Solomon Islands,,,
Somalia,,,
South Africa,,,
South Sudan,,,
Spain,,,
Sri Lanka,,,
Sudan,,,
Suriname,,,
Sweden,,,
Switzerland,,,
Tajikistan,,,
Thailand,,,
Togo,,,
Tonga,,,
Trinidad and Tobago,,,
Tunisia,,,
Turkey,,,
Turkmenistan,,,
Tuvalu,,,
Uganda,,,
Ukraine,,,
United Arab Emirates,,,
Uruguay,,,
Uzbekistan,,,
Vanuatu,,,
Yemen,,,
Zambia,,,
Zimbabwe,,,
Cook Islands,,,
Niue,,,
Viet Nam,,,
Iraq,,,
Thailand,,,
Saint Vincent and the Grenadines,,,
Somalia,,,
"Congo, Democratic Republic of the",,,
Burundi,,,
Gambia,,,
"Congo, Democratic Republic of the",,,
New Caledonia,,,
"Moldova, Republic of",,,
United States of America,,,
China,,,
"Palestine, State of",,,
Russian Federation,,,
"Tanzania, United Republic of",,,
Syrian Arab Republic,,,
Venezuela (Bolivarian Republic of),,,
Bolivia (Plurinational State of),,,
Cyprus,,,
United Kingdom of Great Britain and Northern Ireland,,,
Lao People's Democratic Republic,,,
Anguilla,,,
Antarctica,,,
American Samoa,,,
Aruba,,,
�land Islands,,,
Saint Barth�lemy,,,
Bermuda,,,
Brunei Darussalam,,,
"Bonaire, Sint Eustatius and Saba",,,
Bouvet Island,,,
Cocos (Keeling) Islands,,,
Congo,,,
C�te d'Ivoire,,,
Cabo Verde,,,
Cura�ao,,,
Christmas Island,,,
Czechia,,,
Western Sahara,,,
Falkland Islands (Malvinas),,,
Faroe Islands,,,
French Guiana,,,
Guernsey,,,
Gibraltar,,,
Greenland,,,
Guadeloupe,,,
South Georgia and the South Sandwich Islands,,,
Guam,,,
Hong Kong,,,
Heard Island and McDonald Islands,,,
Isle of Man,,,
British Indian Ocean Territory,,,
Iran (Islamic Republic of),,,
Jersey,,,
Korea (Democratic People's Republic of),,,
"Korea, Republic of",,,
Cayman Islands,,,
Saint Martin (French part),,,
North Macedonia,,,
Macao,,,
Northern Mariana Islands,,,
Martinique,,,
Montserrat,,,
Norfolk Island,,,
French Polynesia,,,
Saint Pierre and Miquelon,,,
Pitcairn,,,
Puerto Rico,,,
R�union,,,
"Saint Helena, Ascension and Tristan da Cunha",,,
Svalbard and Jan Mayen,,,
Sint Maarten (Dutch part),,,
Eswatini,,,
Turks and Caicos Islands,,,
French Southern Territories,,,
Tokelau,,,
Timor-Leste,,,
"Taiwan, Province of China",,,
United States Minor Outlying Islands,,,
Holy See,,,
Virgin Islands (British),,,
Virgin Islands (U.S.),,,
Wallis and Futuna,,,
Mayotte,,,
